node_count,mean_phase_error,sync_failure_probability,routing_stability_score
10,0.665587,0.000000,0.788137
50,0.698927,0.000000,0.777525
100,0.713712,0.000000,0.772818
500,0.750079,0.000000,0.761243
